
INSERT INTO ELECTRODOMESTICOS (ELECTRO_ID,ELECTRO_TIPO,CUSTOMER_ID,TIEMPO_USO) VALUES (10308,'Lavavajillas',1,10);
INSERT INTO ELECTRODOMESTICOS (ELECTRO_ID,ELECTRO_TIPO,CUSTOMER_ID,TIEMPO_USO) VALUES (10309,'Aspiradora',2,20);
INSERT INTO ELECTRODOMESTICOS (ELECTRO_ID,ELECTRO_TIPO,CUSTOMER_ID,TIEMPO_USO) VALUES (10310,'Lavadora',3,30);

INSERT INTO CUSTOMERS (CUSTOMER_ID,CUSTOMER_NAME,CONTRASENA) VALUES (1,'Alfreds Futterkiste','{noop}1');
INSERT INTO CUSTOMERS (CUSTOMER_ID,CUSTOMER_NAME,CONTRASENA) VALUES (2,'Ana Trujillo','{noop}2');
INSERT INTO CUSTOMERS (CUSTOMER_ID,CUSTOMER_NAME,CONTRASENA) VALUES (3,'Antonio Moreno','{noop}3');

INSERT INTO PRECIOS (ELECTRO_TIPO,CONSUMO_MEDIO_HORA,PRECIO_CONSUMO) VALUES ('Lavavajillas',10,0.2);
INSERT INTO PRECIOS (ELECTRO_TIPO,CONSUMO_MEDIO_HORA,PRECIO_CONSUMO) VALUES ('Aspiradora',20,0.3);
INSERT INTO PRECIOS (ELECTRO_TIPO,CONSUMO_MEDIO_HORA,PRECIO_CONSUMO) VALUES ('Lavadora',3,0.4);

INSERT INTO DOMICILIOS (CUSTOMER_ID,CALLE,NUM_PISO,PROVINCIA,CIUDAD,CODIGO_POSTAL,PAIS) VALUES (1,'Avenida de Asturias','95 1ºB','Madrid','Madrid',28034,'España');
INSERT INTO DOMICILIOS (CUSTOMER_ID,CALLE,NUM_PISO,PROVINCIA,CIUDAD,CODIGO_POSTAL,PAIS) VALUES (2,'Cardenal Spínola','99 3ºD','Madrid','Madrid',28035,'España');
INSERT INTO DOMICILIOS (CUSTOMER_ID,CALLE,NUM_PISO,PROVINCIA,CIUDAD,CODIGO_POSTAL,PAIS) VALUES (3,'Calle de la consolación','3 BAJO','Madrid','Madrid',28036,'España');

INSERT INTO INFO_ELECTRODOMESTICOS (ELECTRO_ID,MARCA,EFICIENCIA) VALUES (10308,'Samsung','A');
INSERT INTO INFO_ELECTRODOMESTICOS (ELECTRO_ID,MARCA,EFICIENCIA) VALUES (10309,'Dyson','C');
INSERT INTO INFO_ELECTRODOMESTICOS (ELECTRO_ID,MARCA,EFICIENCIA) VALUES (10310,'LG','B');